{
  "Total" : {
    "transaction" : "Total",
    "sampleCount" : 143538,
    "errorCount" : 0,
    "errorPct" : 0.0,
    "meanResTime" : 2.0096211456199944,
    "medianResTime" : 2.0,
    "minResTime" : 1.0,
    "maxResTime" : 29.0,
    "pct1ResTime" : 3.0,
    "pct2ResTime" : 3.0,
    "pct3ResTime" : 3.0,
    "throughput" : 478.611560327437,
    "receivedKBytesPerSec" : 166.25679186429872,
    "sentKBytesPerSec" : 122.45725469315285
  },
  "HTTP Request" : {
    "transaction" : "HTTP Request",
    "sampleCount" : 143538,
    "errorCount" : 0,
    "errorPct" : 0.0,
    "meanResTime" : 2.0096211456199944,
    "medianResTime" : 2.0,
    "minResTime" : 1.0,
    "maxResTime" : 29.0,
    "pct1ResTime" : 3.0,
    "pct2ResTime" : 3.0,
    "pct3ResTime" : 3.0,
    "throughput" : 478.611560327437,
    "receivedKBytesPerSec" : 166.25679186429872,
    "sentKBytesPerSec" : 122.45725469315285
  }
}