{
  "Total" : {
    "transaction" : "Total",
    "sampleCount" : 758559,
    "errorCount" : 0,
    "errorPct" : 0.0,
    "meanResTime" : 3.755668313209596,
    "medianResTime" : 3.0,
    "minResTime" : 0.0,
    "maxResTime" : 68.0,
    "pct1ResTime" : 8.0,
    "pct2ResTime" : 10.0,
    "pct3ResTime" : 16.0,
    "throughput" : 2529.1201280298737,
    "receivedKBytesPerSec" : 878.5485981885356,
    "sentKBytesPerSec" : 647.0990952576434
  },
  "HTTP Request" : {
    "transaction" : "HTTP Request",
    "sampleCount" : 758559,
    "errorCount" : 0,
    "errorPct" : 0.0,
    "meanResTime" : 3.755668313209596,
    "medianResTime" : 3.0,
    "minResTime" : 0.0,
    "maxResTime" : 68.0,
    "pct1ResTime" : 8.0,
    "pct2ResTime" : 10.0,
    "pct3ResTime" : 16.0,
    "throughput" : 2529.1201280298737,
    "receivedKBytesPerSec" : 878.5485981885356,
    "sentKBytesPerSec" : 647.0990952576434
  }
}