{
  "Total" : {
    "transaction" : "Total",
    "sampleCount" : 3642,
    "errorCount" : 0,
    "errorPct" : 0.0,
    "meanResTime" : 799.8056013179574,
    "medianResTime" : 805.0,
    "minResTime" : 398.0,
    "maxResTime" : 1141.0,
    "pct1ResTime" : 1035.0,
    "pct2ResTime" : 1048.0,
    "pct3ResTime" : 1074.0,
    "throughput" : 12.119276037975062,
    "receivedKBytesPerSec" : 4.213342060077268,
    "sentKBytesPerSec" : 3.100830392528776
  },
  "HTTP Request" : {
    "transaction" : "HTTP Request",
    "sampleCount" : 3642,
    "errorCount" : 0,
    "errorPct" : 0.0,
    "meanResTime" : 799.8056013179574,
    "medianResTime" : 805.0,
    "minResTime" : 398.0,
    "maxResTime" : 1141.0,
    "pct1ResTime" : 1035.0,
    "pct2ResTime" : 1048.0,
    "pct3ResTime" : 1074.0,
    "throughput" : 12.119276037975062,
    "receivedKBytesPerSec" : 4.213342060077268,
    "sentKBytesPerSec" : 3.100830392528776
  }
}