{
  "Total" : {
    "transaction" : "Total",
    "sampleCount" : 8101147,
    "errorCount" : 0,
    "errorPct" : 0.0,
    "meanResTime" : 277.7996844150572,
    "medianResTime" : 470.0,
    "minResTime" : 0.0,
    "maxResTime" : 6149.0,
    "pct1ResTime" : 625.0,
    "pct2ResTime" : 829.9500000000007,
    "pct3ResTime" : 1629.0,
    "throughput" : 2699.8792558319965,
    "receivedKBytesPerSec" : 937.8698842032434,
    "sentKBytesPerSec" : 690.7894189726397
  },
  "HTTP Request" : {
    "transaction" : "HTTP Request",
    "sampleCount" : 8101147,
    "errorCount" : 0,
    "errorPct" : 0.0,
    "meanResTime" : 277.7996844150572,
    "medianResTime" : 470.0,
    "minResTime" : 0.0,
    "maxResTime" : 6149.0,
    "pct1ResTime" : 625.0,
    "pct2ResTime" : 829.9500000000007,
    "pct3ResTime" : 1629.0,
    "throughput" : 2699.8792558319965,
    "receivedKBytesPerSec" : 937.8698842032434,
    "sentKBytesPerSec" : 690.7894189726397
  }
}