{
  "Total" : {
    "transaction" : "Total",
    "sampleCount" : 731,
    "errorCount" : 0,
    "errorPct" : 0.0,
    "meanResTime" : 410.1737346101233,
    "medianResTime" : 410.0,
    "minResTime" : 405.0,
    "maxResTime" : 438.0,
    "pct1ResTime" : 413.0,
    "pct2ResTime" : 414.0,
    "pct3ResTime" : 415.0,
    "throughput" : 2.4355787748139166,
    "receivedKBytesPerSec" : 0.8460836711685447,
    "sentKBytesPerSec" : 0.6231656630871544
  },
  "HTTP Request" : {
    "transaction" : "HTTP Request",
    "sampleCount" : 731,
    "errorCount" : 0,
    "errorPct" : 0.0,
    "meanResTime" : 410.1737346101233,
    "medianResTime" : 410.0,
    "minResTime" : 405.0,
    "maxResTime" : 438.0,
    "pct1ResTime" : 413.0,
    "pct2ResTime" : 414.0,
    "pct3ResTime" : 415.0,
    "throughput" : 2.4355787748139166,
    "receivedKBytesPerSec" : 0.8460836711685447,
    "sentKBytesPerSec" : 0.6231656630871544
  }
}