{
  "Total" : {
    "transaction" : "Total",
    "sampleCount" : 6983,
    "errorCount" : 0,
    "errorPct" : 0.0,
    "meanResTime" : 7241.1480738937435,
    "medianResTime" : 8708.0,
    "minResTime" : 397.0,
    "maxResTime" : 18266.0,
    "pct1ResTime" : 9302.2,
    "pct2ResTime" : 9502.0,
    "pct3ResTime" : 14220.559999999994,
    "throughput" : 11.469954402701672,
    "receivedKBytesPerSec" : 3.9876013353142534,
    "sentKBytesPerSec" : 2.934695364753748
  },
  "HTTP Request" : {
    "transaction" : "HTTP Request",
    "sampleCount" : 6983,
    "errorCount" : 0,
    "errorPct" : 0.0,
    "meanResTime" : 7241.1480738937435,
    "medianResTime" : 8708.0,
    "minResTime" : 397.0,
    "maxResTime" : 18266.0,
    "pct1ResTime" : 9302.2,
    "pct2ResTime" : 9502.0,
    "pct3ResTime" : 14220.559999999994,
    "throughput" : 11.469954402701672,
    "receivedKBytesPerSec" : 3.9876013353142534,
    "sentKBytesPerSec" : 2.934695364753748
  }
}