{
  "Total" : {
    "transaction" : "Total",
    "sampleCount" : 1701850,
    "errorCount" : 0,
    "errorPct" : 0.0,
    "meanResTime" : 29.359128007756464,
    "medianResTime" : 10.0,
    "minResTime" : 1.0,
    "maxResTime" : 1661.0,
    "pct1ResTime" : 83.0,
    "pct2ResTime" : 139.0,
    "pct3ResTime" : 389.9900000000016,
    "throughput" : 2836.501761719518,
    "receivedKBytesPerSec" : 985.3264543248798,
    "sentKBytesPerSec" : 725.7455679399549
  },
  "HTTP Request" : {
    "transaction" : "HTTP Request",
    "sampleCount" : 1701850,
    "errorCount" : 0,
    "errorPct" : 0.0,
    "meanResTime" : 29.359128007756464,
    "medianResTime" : 10.0,
    "minResTime" : 1.0,
    "maxResTime" : 1661.0,
    "pct1ResTime" : 83.0,
    "pct2ResTime" : 139.0,
    "pct3ResTime" : 389.9900000000016,
    "throughput" : 2836.501761719518,
    "receivedKBytesPerSec" : 985.3264543248798,
    "sentKBytesPerSec" : 725.7455679399549
  }
}