{
  "Total" : {
    "transaction" : "Total",
    "sampleCount" : 43737,
    "errorCount" : 9130,
    "errorPct" : 20.874775,
    "meanResTime" : 52267.06063515984,
    "medianResTime" : 71276.0,
    "minResTime" : 398.0,
    "maxResTime" : 90021.0,
    "pct1ResTime" : 87271.9,
    "pct2ResTime" : 87889.0,
    "pct3ResTime" : 88695.94,
    "throughput" : 14.240609881134521,
    "receivedKBytesPerSec" : 46.17085517101626,
    "sentKBytesPerSec" : 3.643593543805903
  },
  "HTTP Request" : {
    "transaction" : "HTTP Request",
    "sampleCount" : 43737,
    "errorCount" : 9130,
    "errorPct" : 20.874775,
    "meanResTime" : 52267.06063515984,
    "medianResTime" : 71276.0,
    "minResTime" : 398.0,
    "maxResTime" : 90021.0,
    "pct1ResTime" : 87271.9,
    "pct2ResTime" : 87889.0,
    "pct3ResTime" : 88695.94,
    "throughput" : 14.240609881134521,
    "receivedKBytesPerSec" : 46.17085517101626,
    "sentKBytesPerSec" : 3.643593543805903
  }
}